id,name,model_id/id,group_id/id,perm_read,perm_write,perm_create,perm_unlink
access_api_auth_token_system,api.auth.token.system,model_api_auth_token,base.group_system,1,1,1,1
access_smart_hr_ai_dashboard_user,smart.hr.ai.dashboard.user,model_smart_hr_ai_dashboard,base.group_user,1,1,1,1
access_hr_weekly_summary_user,hr.weekly.summary.user,model_hr_weekly_summary,hr.group_hr_user,1,1,1,0
access_hr_weekly_summary_manager,hr.weekly.summary.manager,model_hr_weekly_summary,hr.group_hr_manager,1,1,1,1
access_hr_employee_credentials_system,hr.employee.credentials.system,model_hr_employee_credentials,base.group_system,1,1,1,1
access_hr_employee_credentials_manager,hr.employee.credentials.manager,model_hr_employee_credentials,hr.group_hr_manager,1,1,1,1
access_hr_employee_credentials_user,hr.employee.credentials.user,model_hr_employee_credentials,hr.group_hr_user,1,1,1,0
access_hr_employee_credentials_reset_wizard_system,hr.employee.credentials.reset.wizard.system,model_hr_employee_credentials_reset_wizard,base.group_system,1,1,1,1
access_hr_employee_credentials_reset_wizard_user,hr.employee.credentials.reset.wizard.user,model_hr_employee_credentials_reset_wizard,base.group_user,1,1,1,1
access_hr_document_request_system,hr.document.request.system,model_hr_document_request,base.group_system,1,1,1,1
access_hr_document_request_manager,hr.document.request.manager,model_hr_document_request,hr.group_hr_manager,1,1,1,1
access_hr_document_request_user,hr.document.request.user,model_hr_document_request,base.group_user,1,1,1,1

